-- ============================================================
-- Shop 电商系统模拟数据 - 完整版
-- 执行前请确保数据库 shop_db 已存在且所有表结构已就绪
-- ============================================================

SET NAMES utf8mb4;
SET FOREIGN_KEY_CHECKS = 0;

-- ============================================================
-- 第一步：清空所有表数据（按外键依赖倒序）
-- ============================================================
TRUNCATE TABLE `sku_attribute_values`;
TRUNCATE TABLE `product_skus`;
TRUNCATE TABLE `attribute_values`;
TRUNCATE TABLE `product_attributes`;
TRUNCATE TABLE `product_reviews`;
TRUNCATE TABLE `inventory_logs`;
TRUNCATE TABLE `user_footprints`;
TRUNCATE TABLE `user_favorites`;
TRUNCATE TABLE `product_images`;
TRUNCATE TABLE `payments`;
TRUNCATE TABLE `order_items`;
TRUNCATE TABLE `orders`;
TRUNCATE TABLE `cart_items`;
TRUNCATE TABLE `inventory`;
TRUNCATE TABLE `addresses`;
TRUNCATE TABLE `products`;
TRUNCATE TABLE `categories`;
TRUNCATE TABLE `brands`;
TRUNCATE TABLE `users`;

-- 重置自增ID
ALTER TABLE `users` AUTO_INCREMENT = 1;
ALTER TABLE `brands` AUTO_INCREMENT = 1;
ALTER TABLE `categories` AUTO_INCREMENT = 1;
ALTER TABLE `products` AUTO_INCREMENT = 1;
ALTER TABLE `product_images` AUTO_INCREMENT = 1;
ALTER TABLE `product_attributes` AUTO_INCREMENT = 1;
ALTER TABLE `attribute_values` AUTO_INCREMENT = 1;
ALTER TABLE `product_skus` AUTO_INCREMENT = 1;
ALTER TABLE `sku_attribute_values` AUTO_INCREMENT = 1;
ALTER TABLE `inventory_logs` AUTO_INCREMENT = 1;
ALTER TABLE `addresses` AUTO_INCREMENT = 1;
ALTER TABLE `cart_items` AUTO_INCREMENT = 1;
ALTER TABLE `orders` AUTO_INCREMENT = 1;
ALTER TABLE `order_items` AUTO_INCREMENT = 1;
ALTER TABLE `payments` AUTO_INCREMENT = 1;
ALTER TABLE `product_reviews` AUTO_INCREMENT = 1;
ALTER TABLE `user_favorites` AUTO_INCREMENT = 1;
ALTER TABLE `user_footprints` AUTO_INCREMENT = 1;

-- ============================================================
-- 第二步：填充数据
-- ============================================================

-- ===================== 1. 用户表 =====================
-- 所有用户密码均为: 123456
INSERT INTO `users` (`id`, `username`, `password`, `email`, `phone`, `status`, `role`, `created_at`) VALUES
(1, 'admin',    '$2y$10$cw1HYgWWQa0kpSm3rYpU0eFx6vCozVBf9RBIlgZVeUTKKZKqrzkqG', 'admin@shop.com',    '13800000001', 1, 1, '2025-12-01 10:00:00'),
(2, 'zhangsan', '$2y$10$cw1HYgWWQa0kpSm3rYpU0eFx6vCozVBf9RBIlgZVeUTKKZKqrzkqG', 'zhangsan@qq.com',   '13800000002', 1, 0, '2026-01-05 09:30:00'),
(3, 'lisi',     '$2y$10$cw1HYgWWQa0kpSm3rYpU0eFx6vCozVBf9RBIlgZVeUTKKZKqrzkqG', 'lisi@163.com',      '13800000003', 1, 0, '2026-01-10 14:20:00'),
(4, 'wangwu',   '$2y$10$cw1HYgWWQa0kpSm3rYpU0eFx6vCozVBf9RBIlgZVeUTKKZKqrzkqG', 'wangwu@gmail.com',  '13800000004', 1, 0, '2026-01-15 16:45:00'),
(5, 'zhaoliu',  '$2y$10$cw1HYgWWQa0kpSm3rYpU0eFx6vCozVBf9RBIlgZVeUTKKZKqrzkqG', 'zhaoliu@qq.com',    '13800000005', 1, 0, '2026-01-20 11:00:00'),
(6, 'xiaoming', '$2y$10$cw1HYgWWQa0kpSm3rYpU0eFx6vCozVBf9RBIlgZVeUTKKZKqrzkqG', 'xiaoming@qq.com',   '13800000006', 0, 0, '2026-02-01 08:00:00'),
(7, 'testuser', '$2y$10$cw1HYgWWQa0kpSm3rYpU0eFx6vCozVBf9RBIlgZVeUTKKZKqrzkqG', 'test@test.com',     '13800000007', 1, 0, '2026-02-10 20:30:00');

-- ===================== 2. 品牌表 =====================
INSERT INTO `brands` (`id`, `name`, `name_en`, `logo`, `description`, `sort_order`, `status`) VALUES
(1,  '苹果',     'Apple',      NULL, '美国科技公司，iPhone、Mac、iPad 制造商',         1,  1),
(2,  '华为',     'HUAWEI',     NULL, '中国领先的ICT解决方案提供商',                     2,  1),
(3,  '小米',     'Xiaomi',     NULL, '性价比之王，智能硬件生态链',                       3,  1),
(4,  '三星',     'Samsung',    NULL, '韩国电子巨头，屏幕与半导体全球领先',               4,  1),
(5,  '耐克',     'Nike',       NULL, '全球最大的体育用品制造商',                         5,  1),
(6,  '阿迪达斯', 'Adidas',     NULL, '德国运动品牌，三道杠标志',                         6,  1),
(7,  '优衣库',   'UNIQLO',     NULL, '日本快时尚品牌，基础款服饰',                       7,  1),
(8,  '海尔',     'Haier',      NULL, '中国家电领军品牌',                                 8,  1),
(9,  '索尼',     'Sony',       NULL, '日本电子娱乐巨头，PlayStation制造商',              9,  1),
(10, '戴尔',     'Dell',       NULL, '美国电脑品牌，商务办公首选',                       10, 1);

-- ===================== 3. 三级分类 =====================
-- 一级分类
INSERT INTO `categories` (`id`, `name`, `icon`, `image`, `description`, `parent_id`, `level`, `path`, `sort_order`, `status`) VALUES
(1,  '手机数码',   '📱', NULL, '手机、平板、数码配件',       0, 1, '0,1',    1, 1),
(2,  '电脑办公',   '💻', NULL, '笔记本、台式机、办公设备',   0, 1, '0,2',    2, 1),
(3,  '服饰鞋包',   '👕', NULL, '男装、女装、鞋靴、箱包',     0, 1, '0,3',    3, 1),
(4,  '家用电器',   '🏠', NULL, '大家电、厨卫、生活电器',     0, 1, '0,4',    4, 1),
(5,  '食品生鲜',   '🍎', NULL, '水果、零食、生鲜食材',       0, 1, '0,5',    5, 1),
(6,  '图书文具',   '📚', NULL, '图书、文具、办公用品',       0, 1, '0,6',    6, 1);

-- 二级分类
INSERT INTO `categories` (`id`, `name`, `icon`, `image`, `description`, `parent_id`, `level`, `path`, `sort_order`, `status`) VALUES
(7,  '手机通讯',   NULL, NULL, '智能手机、功能手机',           1, 2, '0,1,7',    1, 1),
(8,  '手机配件',   NULL, NULL, '手机壳、贴膜、充电器',         1, 2, '0,1,8',    2, 1),
(9,  '平板电脑',   NULL, NULL, '平板电脑及配件',               1, 2, '0,1,9',    3, 1),
(10, '笔记本电脑', NULL, NULL, '轻薄本、游戏本、商务本',       2, 2, '0,2,10',   1, 1),
(11, '台式电脑',   NULL, NULL, '品牌台式机、组装机',           2, 2, '0,2,11',   2, 1),
(12, '电脑配件',   NULL, NULL, '键盘、鼠标、显示器',           2, 2, '0,2,12',   3, 1),
(13, '男装',       NULL, NULL, '上衣、裤子、外套',             3, 2, '0,3,13',   1, 1),
(14, '女装',       NULL, NULL, '连衣裙、上衣、裤子',           3, 2, '0,3,14',   2, 1),
(15, '运动鞋',     NULL, NULL, '跑步鞋、篮球鞋、休闲鞋',      3, 2, '0,3,15',   3, 1),
(16, '大家电',     NULL, NULL, '冰箱、洗衣机、空调',           4, 2, '0,4,16',   1, 1),
(17, '厨房电器',   NULL, NULL, '油烟机、燃气灶、微波炉',       4, 2, '0,4,17',   2, 1),
(18, '休闲零食',   NULL, NULL, '坚果、饼干、糖果',             5, 2, '0,5,18',   1, 1),
(19, '新鲜水果',   NULL, NULL, '当季水果、进口水果',           5, 2, '0,5,19',   2, 1),
(20, '文学小说',   NULL, NULL, '中国文学、外国文学、经典名著',  6, 2, '0,6,20',   1, 1),
(21, '教材教辅',   NULL, NULL, '考试用书、教材、辅导书',       6, 2, '0,6,21',   2, 1);

-- 三级分类
INSERT INTO `categories` (`id`, `name`, `icon`, `image`, `description`, `parent_id`, `level`, `path`, `sort_order`, `status`) VALUES
(22, '5G手机',     NULL, NULL, '支持5G网络的智能手机',        7, 3, '0,1,7,22',   1, 1),
(23, '游戏手机',   NULL, NULL, '高性能游戏专用手机',          7, 3, '0,1,7,23',   2, 1),
(24, '手机壳',     NULL, NULL, '硅胶壳、皮套、透明壳',        8, 3, '0,1,8,24',   1, 1),
(25, '充电器',     NULL, NULL, '快充头、无线充电器',           8, 3, '0,1,8,25',   2, 1),
(26, '轻薄笔记本', NULL, NULL, '超薄便携笔记本电脑',          10, 3, '0,2,10,26',  1, 1),
(27, '游戏笔记本', NULL, NULL, '高性能游戏笔记本电脑',        10, 3, '0,2,10,27',  2, 1),
(28, '机械键盘',   NULL, NULL, '游戏/办公机械键盘',           12, 3, '0,2,12,28',  1, 1),
(29, 'T恤',        NULL, NULL, '短袖T恤、长袖T恤',           13, 3, '0,3,13,29',  1, 1),
(30, '跑步鞋',     NULL, NULL, '专业跑步运动鞋',             15, 3, '0,3,15,30',  1, 1);

-- ===================== 4. 商品表（SPU） =====================
INSERT INTO `products` (`id`, `spu_no`, `name`, `subtitle`, `keywords`, `description`, `cover_image`, `price`, `original_price`, `category_id`, `brand_id`, `status`, `sales_count`, `view_count`, `rating`, `is_recommend`, `is_new`, `is_hot`) VALUES
(1,  'SPU20260001', 'iPhone 16 Pro Max',
    '钛金属设计，A18 Pro芯片，4800万像素摄像系统',
    'iPhone,苹果,手机,5G',
    'iPhone 16 Pro Max 是苹果最新旗舰智能手机。搭载 A18 Pro 仿生芯片，配备 6.9 英寸超视网膜 XDR 显示屏，4800万像素主摄 + 1200万超广角 + 1200万长焦三摄系统。支持 USB-C 接口，钛金属机身设计，续航全天候。',
    NULL, 9999.00, 10999.00, 22, 1, 1, 328, 15680, 4.8, 1, 1, 1),

(2,  'SPU20260002', '华为 Mate 70 Pro',
    '麒麟芯片回归，卫星通信，鸿蒙4.0系统',
    '华为,Mate70,手机,5G,鸿蒙',
    '华为 Mate 70 Pro 搭载最新麒麟芯片，支持卫星通信和北斗定位。6.8英寸LTPO OLED曲面屏，5000万像素超感知影像系统。鸿蒙 4.0 操作系统，万物互联体验。5300mAh大电池，100W超级快充。',
    NULL, 6999.00, 7499.00, 22, 2, 1, 256, 12340, 4.7, 1, 1, 1),

(3,  'SPU20260003', '小米 14 Ultra',
    '徕卡光学，骁龙8 Gen3，影像旗舰',
    '小米,小米14,手机,徕卡,骁龙',
    '小米 14 Ultra 与徕卡联合研发影像系统，5000万像素 Summilux 镜头。骁龙 8 Gen3 处理器，LPDDR5X内存，16GB+512GB。6.73英寸2K LTPO AMOLED屏幕，120Hz自适应刷新率。',
    NULL, 5999.00, 6499.00, 22, 3, 1, 189, 8920, 4.6, 1, 0, 1),

(4,  'SPU20260004', 'MacBook Pro 14英寸',
    'M3 Pro芯片，Liquid Retina XDR屏，专业创作利器',
    'MacBook,苹果,笔记本,电脑,M3',
    'MacBook Pro 14英寸搭载 Apple M3 Pro 芯片，12核CPU + 18核GPU。14.2英寸 Liquid Retina XDR 显示屏，1000尼特持续亮度。支持最高36GB统一内存，全新Space Black配色。续航长达17小时。',
    NULL, 14999.00, 16499.00, 26, 1, 1, 145, 7650, 4.9, 1, 0, 0),

(5,  'SPU20260005', 'ThinkPad X1 Carbon Gen 12',
    '商务旗舰，超轻薄，Intel酷睿Ultra处理器',
    'ThinkPad,联想,笔记本,商务本,X1',
    'ThinkPad X1 Carbon Gen 12 采用 Intel 酷睿 Ultra 处理器，14英寸 2.8K OLED 显示屏。机身重量仅 1.09kg，碳纤维+镁合金材质。配备 48GB LPDDR5X 内存，1TB PCIe Gen4 SSD。通过20项军标测试。',
    NULL, 12999.00, 14999.00, 26, 10, 1, 87, 4320, 4.7, 0, 1, 0),

(6,  'SPU20260006', 'Nike Air Max 270 React',
    '气垫缓震，潮流配色，城市跑步首选',
    'Nike,耐克,跑步鞋,运动鞋,AirMax',
    'Nike Air Max 270 React 结合了 Air Max 270 可见式气垫与 React 泡棉技术，提供极致缓震体验。网眼鞋面透气舒适，橡胶外底耐磨防滑。多种潮流配色可选，适合日常运动和城市通勤。',
    NULL, 899.00, 1299.00, 30, 5, 1, 567, 23400, 4.5, 1, 0, 1),

(7,  'SPU20260007', 'Adidas Ultraboost 24',
    'BOOST缓震科技，Primeknit编织鞋面',
    '阿迪达斯,Adidas,跑步鞋,Ultraboost,运动鞋',
    'Adidas Ultraboost 24 采用全掌 BOOST 缓震中底，能量回馈效率高达 70%。Primeknit+ 编织鞋面贴合脚型，轻盈透气。Continental马牌橡胶大底，湿地防滑性能出色。LEP 抗扭转系统增强稳定性。',
    NULL, 1099.00, 1499.00, 30, 6, 1, 412, 18700, 4.6, 1, 1, 0),

(8,  'SPU20260008', '海尔 510升十字对开门冰箱',
    '一级能效，双变频，母婴空间，干湿分储',
    '海尔,冰箱,十字对开门,变频,家电',
    '海尔 510升十字对开门冰箱，一级能效双变频压缩机节能省电。四门独立温控，干湿分储不串味。专设母婴存储空间，-30度深冷速冻。DEO净味杀菌，99.9%除菌率。WiFi智控，手机远程调温。',
    NULL, 4599.00, 5999.00, 16, 8, 1, 98, 5600, 4.8, 0, 0, 0),

(9,  'SPU20260009', '优衣库 男装圆领T恤',
    'AIRism面料，透气吸汗，多色可选',
    '优衣库,T恤,男装,AIRism,基础款',
    '优衣库 AIRism 圆领T恤采用特殊科技面料，具有出色的透气性和吸汗速干功能。修身剪裁，简洁百搭。面料柔软亲肤，不易起球。机洗不变形，持久如新。适合春夏日常穿着。',
    NULL, 79.00, 99.00, 29, 7, 1, 2340, 45600, 4.3, 0, 0, 1),

(10, 'SPU20260010', 'Sony PlayStation 5 Slim',
    '次世代主机，光驱版，4K游戏体验',
    'PS5,索尼,游戏机,PlayStation',
    'Sony PlayStation 5 Slim 轻薄版次世代游戏主机。搭载AMD定制芯片，支持4K@120Hz游戏画面输出。1TB SSD超高速固态硬盘，3D音效引擎。DualSense手柄支持触觉反馈和自适应扳机。向下兼容PS4游戏库。',
    NULL, 3799.00, 4299.00, 22, 9, 1, 156, 9800, 4.7, 1, 0, 1),

(11, 'SPU20260011', 'Samsung Galaxy Tab S10 Ultra',
    '14.6英寸超大屏平板，骁龙8 Gen3，S Pen',
    '三星,平板,Galaxy Tab,SPen',
    'Samsung Galaxy Tab S10 Ultra 搭载14.6英寸Super AMOLED屏幕，120Hz刷新率。骁龙8 Gen3处理器，12GB+256GB。附赠S Pen手写笔，支持Galaxy AI智能功能。11200mAh大电池，支持45W快充。仅5.4mm超薄机身。',
    NULL, 8999.00, 9999.00, 9, 4, 1, 76, 4200, 4.5, 0, 1, 0),

(12, 'SPU20260012', '良品铺子坚果大礼包 1.5kg',
    '8袋装，混合每日坚果，年货礼盒',
    '良品铺子,坚果,零食,礼盒,年货',
    '良品铺子坚果大礼包精选8种坚果果仁，含巴旦木、腰果、夏威夷果、碧根果、核桃仁、松子、开心果、榛子。每日定量独立小包装，新鲜锁味。精美礼盒包装，适合节日送礼和日常零食。',
    NULL, 128.00, 198.00, 18, NULL, 1, 1890, 32100, 4.4, 1, 0, 1),

(13, 'SPU20260013', '《活着》余华 经典文学小说',
    '余华代表作，2024精装珍藏版',
    '活着,余华,小说,文学,经典',
    '《活着》是当代作家余华的代表作，讲述了一个人历尽世间沧桑和磨难之后对生命的领悟。这部作品曾获得意大利格林扎纳·卡佛文学奖（1998年），入选中学课外推荐书目。2024精装珍藏版，全新装帧设计。',
    NULL, 35.00, 49.00, 20, NULL, 1, 3560, 56700, 4.9, 1, 0, 0),

(14, 'SPU20260014', 'Apple 20W USB-C快充头',
    '原装正品，PD快充协议，兼容iPhone/iPad',
    '苹果,充电器,快充,USB-C,PD',
    'Apple 20W USB-C 电源适配器，支持 PD 快充协议。搭配 USB-C 转 Lightning 线缆，可为 iPhone 实现快速充电，30分钟充至50%。兼容所有支持USB-C充电的设备。小巧便携，折叠插脚设计。',
    NULL, 149.00, 169.00, 25, 1, 1, 4521, 67800, 4.2, 0, 0, 1),

(15, 'SPU20260015', '海尔 1.5匹变频壁挂式空调',
    '新一级能效，自清洁，智能WiFi控制',
    '海尔,空调,变频,壁挂式,家电',
    '海尔 1.5匹变频壁挂式空调，新一级能效APF 5.27，年省电费约300元。PMV人体舒适技术智能调温，56度高温自清洁，内外机同步除菌。WiFi智能控制，支持天猫精灵/小度语音操控。静音运行低至18分贝。',
    NULL, 3299.00, 3999.00, 16, 8, 1, 234, 8900, 4.6, 0, 0, 0);

-- ===================== 5. 库存表 =====================
INSERT INTO `inventory` (`product_id`, `stock`, `locked_stock`) VALUES
(1,  500, 12),
(2,  300, 8),
(3,  200, 5),
(4,  150, 3),
(5,  100, 2),
(6,  800, 20),
(7,  600, 15),
(8,  50,  2),
(9,  2000, 45),
(10, 120, 6),
(11, 80,  1),
(12, 1500, 30),
(13, 3000, 0),
(14, 5000, 50),
(15, 100, 4);

-- ===================== 6. 商品图片表 =====================
INSERT INTO `product_images` (`id`, `product_id`, `image_url`, `sort_order`, `is_cover`) VALUES
(1,  1, '/php/uploads/products/iphone16_1.jpg', 0, 1),
(2,  1, '/php/uploads/products/iphone16_2.jpg', 1, 0),
(3,  1, '/php/uploads/products/iphone16_3.jpg', 2, 0),
(4,  2, '/php/uploads/products/mate70_1.jpg', 0, 1),
(5,  2, '/php/uploads/products/mate70_2.jpg', 1, 0),
(6,  3, '/php/uploads/products/mi14_1.jpg', 0, 1),
(7,  3, '/php/uploads/products/mi14_2.jpg', 1, 0),
(8,  4, '/php/uploads/products/macbook_1.jpg', 0, 1),
(9,  4, '/php/uploads/products/macbook_2.jpg', 1, 0),
(10, 6, '/php/uploads/products/nike270_1.jpg', 0, 1),
(11, 6, '/php/uploads/products/nike270_2.jpg', 1, 0),
(12, 6, '/php/uploads/products/nike270_3.jpg', 2, 0),
(13, 7, '/php/uploads/products/ultraboost_1.jpg', 0, 1),
(14, 7, '/php/uploads/products/ultraboost_2.jpg', 1, 0),
(15, 9, '/php/uploads/products/tshirt_1.jpg', 0, 1),
(16, 9, '/php/uploads/products/tshirt_2.jpg', 1, 0);

-- ===================== 7. 商品属性表 =====================
INSERT INTO `product_attributes` (`id`, `category_id`, `name`, `input_type`, `sort_order`) VALUES
(1, 7,  '颜色',     1, 1),
(2, 7,  '存储容量', 1, 2),
(3, 10, '颜色',     1, 1),
(4, 10, '内存',     1, 2),
(5, 10, '硬盘',     1, 3),
(6, 15, '颜色',     1, 1),
(7, 15, '尺码',     1, 2),
(8, 13, '颜色',     1, 1),
(9, 13, '尺码',     1, 2);

-- ===================== 8. 属性值表 =====================
INSERT INTO `attribute_values` (`id`, `attribute_id`, `value`, `sort_order`) VALUES
(1,  1, '原色钛金属',   1),
(2,  1, '黑色钛金属',   2),
(3,  1, '白色钛金属',   3),
(4,  1, '沙漠钛金属',   4),
(5,  2, '256GB',       1),
(6,  2, '512GB',       2),
(7,  2, '1TB',         3),
(8,  3, '深空黑色',     1),
(9,  3, '银色',         2),
(10, 4, '18GB',        1),
(11, 4, '36GB',        2),
(12, 5, '512GB SSD',   1),
(13, 5, '1TB SSD',     2),
(14, 6, '黑白',         1),
(15, 6, '纯白',         2),
(16, 6, '黑红',         3),
(17, 6, '灰蓝',         4),
(18, 7, '39',          1),
(19, 7, '40',          2),
(20, 7, '41',          3),
(21, 7, '42',          4),
(22, 7, '43',          5),
(23, 7, '44',          6),
(24, 8, '白色',        1),
(25, 8, '黑色',        2),
(26, 8, '灰色',        3),
(27, 8, '藏青色',      4),
(28, 9, 'S',           1),
(29, 9, 'M',           2),
(30, 9, 'L',           3),
(31, 9, 'XL',          4),
(32, 9, 'XXL',         5);

-- ===================== 9. SKU 表 =====================
INSERT INTO `product_skus` (`id`, `product_id`, `sku_no`, `attr_text`, `price`, `original_price`, `cover_image`, `stock`, `locked_stock`, `sales_count`, `status`) VALUES
-- iPhone 16 Pro Max
(1,  1, 'SKU-IP16-BK-256', '颜色:黑色钛金属;存储容量:256GB',   9999.00,  10999.00, NULL, 80,  3, 52,  1),
(2,  1, 'SKU-IP16-BK-512', '颜色:黑色钛金属;存储容量:512GB',   11499.00, 12499.00, NULL, 60,  2, 45,  1),
(3,  1, 'SKU-IP16-BK-1T',  '颜色:黑色钛金属;存储容量:1TB',     13999.00, 14999.00, NULL, 40,  1, 28,  1),
(4,  1, 'SKU-IP16-NT-256', '颜色:原色钛金属;存储容量:256GB',   9999.00,  10999.00, NULL, 100, 3, 68,  1),
(5,  1, 'SKU-IP16-NT-512', '颜色:原色钛金属;存储容量:512GB',   11499.00, 12499.00, NULL, 70,  2, 55,  1),
(6,  1, 'SKU-IP16-WT-256', '颜色:白色钛金属;存储容量:256GB',   9999.00,  10999.00, NULL, 90,  1, 48,  1),
-- 华为 Mate 70 Pro
(7,  2, 'SKU-HW70-BK-256', '颜色:黑色钛金属;存储容量:256GB',   6999.00, 7499.00, NULL, 80, 2, 68, 1),
(8,  2, 'SKU-HW70-BK-512', '颜色:黑色钛金属;存储容量:512GB',   7999.00, 8499.00, NULL, 60, 2, 52, 1),
(9,  2, 'SKU-HW70-WT-256', '颜色:白色钛金属;存储容量:256GB',   6999.00, 7499.00, NULL, 80, 2, 64, 1),
(10, 2, 'SKU-HW70-WT-512', '颜色:白色钛金属;存储容量:512GB',   7999.00, 8499.00, NULL, 50, 2, 42, 1),
-- Nike Air Max 270
(11, 6, 'SKU-NK270-BW-40', '颜色:黑白;尺码:40',   899.00,  1299.00, NULL, 50, 3, 78, 1),
(12, 6, 'SKU-NK270-BW-42', '颜色:黑白;尺码:42',   899.00,  1299.00, NULL, 60, 4, 92, 1),
(13, 6, 'SKU-NK270-BW-43', '颜色:黑白;尺码:43',   899.00,  1299.00, NULL, 45, 2, 65, 1),
(14, 6, 'SKU-NK270-WT-41', '颜色:纯白;尺码:41',   899.00,  1299.00, NULL, 55, 3, 71, 1),
(15, 6, 'SKU-NK270-WT-42', '颜色:纯白;尺码:42',   899.00,  1299.00, NULL, 50, 2, 68, 1),
(16, 6, 'SKU-NK270-BR-40', '颜色:黑红;尺码:40',   929.00,  1299.00, NULL, 40, 2, 55, 1),
(17, 6, 'SKU-NK270-BR-42', '颜色:黑红;尺码:42',   929.00,  1299.00, NULL, 45, 3, 62, 1),
(18, 6, 'SKU-NK270-GB-43', '颜色:灰蓝;尺码:43',   899.00,  1299.00, NULL, 35, 1, 43, 1),
-- 优衣库T恤
(19, 9, 'SKU-UQ-WT-M',    '颜色:白色;尺码:M',     79.00, 99.00, NULL, 300, 8, 320, 1),
(20, 9, 'SKU-UQ-WT-L',    '颜色:白色;尺码:L',     79.00, 99.00, NULL, 280, 6, 298, 1),
(21, 9, 'SKU-UQ-BK-M',    '颜色:黑色;尺码:M',     79.00, 99.00, NULL, 250, 5, 285, 1),
(22, 9, 'SKU-UQ-BK-L',    '颜色:黑色;尺码:L',     79.00, 99.00, NULL, 240, 7, 276, 1),
(23, 9, 'SKU-UQ-GY-L',    '颜色:灰色;尺码:L',     79.00, 99.00, NULL, 200, 4, 210, 1),
(24, 9, 'SKU-UQ-GY-XL',   '颜色:灰色;尺码:XL',    79.00, 99.00, NULL, 180, 3, 195, 1),
(25, 9, 'SKU-UQ-NV-M',    '颜色:藏青色;尺码:M',   79.00, 99.00, NULL, 220, 5, 238, 1),
(26, 9, 'SKU-UQ-NV-XL',   '颜色:藏青色;尺码:XL',  79.00, 99.00, NULL, 190, 4, 205, 1),
-- Adidas Ultraboost
(27, 7, 'SKU-AD-BW-42',   '颜色:黑白;尺码:42',    1099.00, 1499.00, NULL, 80, 3, 95, 1),
(28, 7, 'SKU-AD-BW-43',   '颜色:黑白;尺码:43',    1099.00, 1499.00, NULL, 70, 2, 82, 1),
(29, 7, 'SKU-AD-WT-42',   '颜色:纯白;尺码:42',    1099.00, 1499.00, NULL, 65, 3, 78, 1),
(30, 7, 'SKU-AD-WT-43',   '颜色:纯白;尺码:43',    1099.00, 1499.00, NULL, 55, 2, 65, 1);

-- ===================== 10. SKU属性值关联表 =====================
INSERT INTO `sku_attribute_values` (`sku_id`, `attribute_id`, `attribute_value_id`) VALUES
-- iPhone SKU
(1,  1, 2),  (1,  2, 5),
(2,  1, 2),  (2,  2, 6),
(3,  1, 2),  (3,  2, 7),
(4,  1, 1),  (4,  2, 5),
(5,  1, 1),  (5,  2, 6),
(6,  1, 3),  (6,  2, 5),
-- 华为 SKU
(7,  1, 2),  (7,  2, 5),
(8,  1, 2),  (8,  2, 6),
(9,  1, 3),  (9,  2, 5),
(10, 1, 3),  (10, 2, 6),
-- Nike SKU
(11, 6, 14), (11, 7, 19),
(12, 6, 14), (12, 7, 21),
(13, 6, 14), (13, 7, 22),
(14, 6, 15), (14, 7, 20),
(15, 6, 15), (15, 7, 21),
(16, 6, 16), (16, 7, 19),
(17, 6, 16), (17, 7, 21),
(18, 6, 17), (18, 7, 22),
-- 优衣库T恤 SKU
(19, 8, 24), (19, 9, 29),
(20, 8, 24), (20, 9, 30),
(21, 8, 25), (21, 9, 29),
(22, 8, 25), (22, 9, 30),
(23, 8, 26), (23, 9, 30),
(24, 8, 26), (24, 9, 31),
(25, 8, 27), (25, 9, 29),
(26, 8, 27), (26, 9, 31),
-- Adidas SKU
(27, 6, 14), (27, 7, 21),
(28, 6, 14), (28, 7, 22),
(29, 6, 15), (29, 7, 21),
(30, 6, 15), (30, 7, 22);

-- ===================== 11. 收货地址表 =====================
INSERT INTO `addresses` (`id`, `user_id`, `name`, `phone`, `province`, `city`, `region`, `detail_address`, `is_default`) VALUES
(1, 2, '张三',     '13800000002', '北京市', '北京市',   '朝阳区',   '望京SOHO T1 20层',             1),
(2, 2, '张三',     '13800000002', '北京市', '北京市',   '海淀区',   '中关村大街1号 鼎好大厦 5楼',     0),
(3, 3, '李四',     '13800000003', '上海市', '上海市',   '浦东新区', '陆家嘴环路1000号 恒生银行大厦',   1),
(4, 4, '王五',     '13800000004', '广东省', '深圳市',   '南山区',   '科技园南区 深圳湾创业投资大厦',    1),
(5, 4, '王五妈妈', '13899990004', '湖南省', '长沙市',   '岳麓区',   '麓谷街道 中电软件园一期',         0),
(6, 5, '赵六',     '13800000005', '浙江省', '杭州市',   '西湖区',   '文三路 华星科技大厦 12楼',        1),
(7, 7, '测试员',   '13800000007', '四川省', '成都市',   '高新区',   '天府大道北段1700号 环球中心',      1);

-- ===================== 12. 购物车表 =====================
INSERT INTO `cart_items` (`id`, `user_id`, `product_id`, `sku_id`, `quantity`, `selected`) VALUES
(1, 2, 1,  4,    1, 1),
(2, 2, 9,  19,   2, 1),
(3, 2, 14, NULL, 1, 0),
(4, 3, 6,  12,   1, 1),
(5, 3, 12, NULL, 2, 1),
(6, 4, 4,  NULL, 1, 1),
(7, 5, 7,  27,   1, 1),
(8, 5, 13, NULL, 3, 1);

-- ===================== 13. 订单表 =====================
INSERT INTO `orders` (`id`, `order_no`, `user_id`, `total_amount`, `status`, `pay_time`, `ship_time`, `complete_time`, `snap_address`, `remark`, `created_at`, `updated_at`) VALUES
(1, 'ORD20260201000001', 2, 9999.00,  3, '2026-02-01 14:35:00', '2026-02-02 09:00:00', '2026-02-05 18:20:00',
   '{"name":"张三","phone":"13800000002","province":"北京市","city":"北京市","region":"朝阳区","detail_address":"望京SOHO T1 20层"}',
   '请尽快发货', '2026-02-01 14:30:00', '2026-02-05 18:20:00'),

(2, 'ORD20260205000001', 2, 1927.00,  3, '2026-02-05 10:15:00', '2026-02-06 08:30:00', '2026-02-09 20:00:00',
   '{"name":"张三","phone":"13800000002","province":"北京市","city":"北京市","region":"朝阳区","detail_address":"望京SOHO T1 20层"}',
   NULL, '2026-02-05 10:10:00', '2026-02-09 20:00:00'),

(3, 'ORD20260203000001', 3, 6999.00,  2, '2026-02-03 16:20:00', '2026-02-04 10:00:00', NULL,
   '{"name":"李四","phone":"13800000003","province":"上海市","city":"上海市","region":"浦东新区","detail_address":"陆家嘴环路1000号 恒生银行大厦"}',
   '周末有人在家', '2026-02-03 16:15:00', '2026-02-04 10:00:00'),

(4, 'ORD20260210000001', 3, 899.00,   1, '2026-02-10 20:05:00', NULL, NULL,
   '{"name":"李四","phone":"13800000003","province":"上海市","city":"上海市","region":"浦东新区","detail_address":"陆家嘴环路1000号 恒生银行大厦"}',
   NULL, '2026-02-10 20:00:00', '2026-02-10 20:05:00'),

(5, 'ORD20260207000001', 4, 14999.00, 3, '2026-02-07 11:25:00', '2026-02-08 09:30:00', '2026-02-12 14:00:00',
   '{"name":"王五","phone":"13800000004","province":"广东省","city":"深圳市","region":"南山区","detail_address":"科技园南区 深圳湾创业投资大厦"}',
   '公司前台代收', '2026-02-07 11:20:00', '2026-02-12 14:00:00'),

(6, 'ORD20260212000001', 4, 256.00,   0, NULL, NULL, NULL,
   '{"name":"王五","phone":"13800000004","province":"广东省","city":"深圳市","region":"南山区","detail_address":"科技园南区 深圳湾创业投资大厦"}',
   NULL, '2026-02-12 22:00:00', '2026-02-12 22:00:00'),

(7, 'ORD20260206000001', 5, 3799.00,  4, NULL, NULL, NULL,
   '{"name":"赵六","phone":"13800000005","province":"浙江省","city":"杭州市","region":"西湖区","detail_address":"文三路 华星科技大厦 12楼"}',
   '取消原因：买错了', '2026-02-06 15:00:00', '2026-02-06 15:30:00'),

(8, 'ORD20260211000001', 5, 1134.00,  1, '2026-02-11 09:15:00', NULL, NULL,
   '{"name":"赵六","phone":"13800000005","province":"浙江省","city":"杭州市","region":"西湖区","detail_address":"文三路 华星科技大厦 12楼"}',
   NULL, '2026-02-11 09:10:00', '2026-02-11 09:15:00'),

(9, 'ORD20260213000001', 7, 158.00,   0, NULL, NULL, NULL,
   '{"name":"测试员","phone":"13800000007","province":"四川省","city":"成都市","region":"高新区","detail_address":"天府大道北段1700号 环球中心"}',
   '测试订单', '2026-02-13 08:00:00', '2026-02-13 08:00:00');

-- ===================== 14. 订单明细表 =====================
INSERT INTO `order_items` (`id`, `order_id`, `product_id`, `sku_id`, `product_name`, `product_image`, `price`, `quantity`, `sku_attr_text`, `refund_status`) VALUES
(1,  1, 1,  4,    'iPhone 16 Pro Max',             '/php/uploads/products/iphone16_1.jpg', 9999.00,  1, '颜色:原色钛金属;存储容量:256GB', 0),
(2,  2, 6,  12,   'Nike Air Max 270 React',        '/php/uploads/products/nike270_1.jpg',   899.00,   1, '颜色:黑白;尺码:42',             0),
(3,  2, 12, NULL, '良品铺子坚果大礼包 1.5kg',       NULL,                                    128.00,   2, NULL,                            0),
(4,  2, 14, NULL, 'Apple 20W USB-C快充头',          NULL,                                    149.00,   1, NULL,                            0),
(5,  2, 9,  21,   '优衣库 男装圆领T恤',             '/php/uploads/products/tshirt_1.jpg',    79.00,    2, '颜色:黑色;尺码:M',              0),
(6,  3, 2,  7,    '华为 Mate 70 Pro',              '/php/uploads/products/mate70_1.jpg',    6999.00,  1, '颜色:黑色钛金属;存储容量:256GB',  0),
(7,  4, 6,  11,   'Nike Air Max 270 React',        '/php/uploads/products/nike270_1.jpg',   899.00,   1, '颜色:黑白;尺码:40',             0),
(8,  5, 4,  NULL, 'MacBook Pro 14英寸',             '/php/uploads/products/macbook_1.jpg',   14999.00, 1, NULL,                            0),
(9,  6, 12, NULL, '良品铺子坚果大礼包 1.5kg',       NULL,                                    128.00,   2, NULL,                            0),
(10, 7, 10, NULL, 'Sony PlayStation 5 Slim',        NULL,                                    3799.00,  1, NULL,                            0),
(11, 8, 9,  20,   '优衣库 男装圆领T恤',             '/php/uploads/products/tshirt_1.jpg',    79.00,    3, '颜色:白色;尺码:L',              0),
(12, 8, 13, NULL, '《活着》余华 经典文学小说',       NULL,                                    35.00,    3, NULL,                            0),
(13, 9, 9,  22,   '优衣库 男装圆领T恤',             '/php/uploads/products/tshirt_1.jpg',    79.00,    2, '颜色:黑色;尺码:L',              0);

-- ===================== 15. 支付流水表 =====================
INSERT INTO `payments` (`id`, `order_id`, `transaction_id`, `payment_method`, `amount`, `status`, `pay_time`, `created_at`) VALUES
(1, 1, 'PAY20260201143500001', 1, 9999.00,  1, '2026-02-01 14:35:00', '2026-02-01 14:35:00'),
(2, 2, 'PAY20260205101500001', 2, 1927.00,  1, '2026-02-05 10:15:00', '2026-02-05 10:15:00'),
(3, 3, 'PAY20260203162000001', 1, 6999.00,  1, '2026-02-03 16:20:00', '2026-02-03 16:20:00'),
(4, 4, 'PAY20260210200500001', 2, 899.00,   1, '2026-02-10 20:05:00', '2026-02-10 20:05:00'),
(5, 5, 'PAY20260207112500001', 3, 14999.00, 1, '2026-02-07 11:25:00', '2026-02-07 11:25:00'),
(6, 8, 'PAY20260211091500001', 1, 1134.00,  1, '2026-02-11 09:15:00', '2026-02-11 09:15:00');

-- ===================== 16. 商品评价表 =====================
INSERT INTO `product_reviews` (`id`, `user_id`, `order_id`, `order_item_id`, `product_id`, `rating`, `content`, `images`, `is_anonymous`, `reply_content`, `reply_time`, `status`, `created_at`) VALUES
(1, 2, 1, 1, 1, 5,
   '非常满意！钛金属手感一流，A18芯片性能强悍，拍照效果比上一代提升很大。电池续航也不错，重度使用一天没问题。',
   NULL, 0,
   '感谢您的五星好评！祝您使用愉快~',
   '2026-02-06 10:00:00', 1, '2026-02-05 20:00:00'),

(2, 2, 2, 2, 6, 4,
   '鞋子很舒服，气垫缓震效果明显。就是鞋码偏小半码，建议买大一号。配色好看！',
   NULL, 0, NULL, NULL, 1, '2026-02-10 10:30:00'),

(3, 2, 2, 3, 12, 5,
   '坚果很新鲜，种类丰富，每种味道都不错。独立小包装很方便，适合带去办公室。礼盒包装也很精美，送人也合适。',
   NULL, 0, NULL, NULL, 1, '2026-02-10 10:35:00'),

(4, 2, 2, 4, 14, 3,
   '充电速度一般，20W感觉不够快。不过是原装品质，兼容性好。价格有点贵，第三方同功率的便宜一半。',
   NULL, 0,
   '感谢反馈！20W可在30分钟内充至50%，如需更快速度推荐购买我店35W双口充电器。',
   '2026-02-11 09:00:00', 1, '2026-02-10 10:40:00'),

(5, 2, 2, 5, 9, 4,
   'AIRism面料确实很舒服透气，穿着很凉爽。M码合身，版型不错。就是洗了几次颜色略有褪色。',
   NULL, 0, NULL, NULL, 1, '2026-02-10 10:45:00'),

(6, 4, 5, 8, 4, 5,
   'M3 Pro芯片太强了，编译代码速度飞快。屏幕素质一流，120Hz很流畅。续航真的能撑一天。最满意的一次购物！',
   NULL, 1, NULL, NULL, 1, '2026-02-12 15:00:00');

-- ===================== 17. 用户收藏表 =====================
INSERT INTO `user_favorites` (`user_id`, `product_id`, `created_at`) VALUES
(2, 1,  '2026-01-25 09:00:00'),
(2, 4,  '2026-01-28 14:00:00'),
(2, 6,  '2026-02-01 10:00:00'),
(3, 2,  '2026-01-20 11:00:00'),
(3, 7,  '2026-02-03 16:00:00'),
(3, 13, '2026-02-05 20:00:00'),
(4, 4,  '2026-02-01 09:00:00'),
(4, 5,  '2026-02-05 10:00:00'),
(4, 10, '2026-02-08 18:00:00'),
(5, 9,  '2026-02-02 11:00:00'),
(5, 12, '2026-02-06 09:00:00'),
(7, 1,  '2026-02-10 20:00:00'),
(7, 3,  '2026-02-10 20:05:00'),
(7, 6,  '2026-02-10 20:10:00');

-- ===================== 18. 用户足迹表 =====================
INSERT INTO `user_footprints` (`user_id`, `product_id`, `created_at`, `updated_at`) VALUES
(2, 1,  '2026-02-12 09:00:00', '2026-02-13 08:30:00'),
(2, 2,  '2026-02-12 09:10:00', '2026-02-12 09:10:00'),
(2, 4,  '2026-02-12 10:00:00', '2026-02-12 10:00:00'),
(2, 6,  '2026-02-12 11:00:00', '2026-02-13 09:00:00'),
(2, 9,  '2026-02-13 08:00:00', '2026-02-13 08:00:00'),
(2, 14, '2026-02-13 08:20:00', '2026-02-13 08:20:00'),
(3, 2,  '2026-02-11 14:00:00', '2026-02-13 07:00:00'),
(3, 6,  '2026-02-11 14:30:00', '2026-02-11 14:30:00'),
(3, 7,  '2026-02-12 20:00:00', '2026-02-12 20:00:00'),
(3, 13, '2026-02-12 20:30:00', '2026-02-12 20:30:00'),
(4, 4,  '2026-02-10 10:00:00', '2026-02-12 16:00:00'),
(4, 5,  '2026-02-10 10:15:00', '2026-02-10 10:15:00'),
(4, 8,  '2026-02-11 11:00:00', '2026-02-11 11:00:00'),
(4, 12, '2026-02-12 21:00:00', '2026-02-12 21:00:00'),
(4, 15, '2026-02-12 21:30:00', '2026-02-12 21:30:00'),
(5, 9,  '2026-02-10 08:00:00', '2026-02-12 19:00:00'),
(5, 10, '2026-02-10 08:20:00', '2026-02-10 08:20:00'),
(5, 12, '2026-02-11 09:00:00', '2026-02-11 09:00:00'),
(5, 13, '2026-02-11 09:30:00', '2026-02-11 09:30:00');

-- ===================== 19. 库存变动日志表 =====================
-- type: 1=入库 2=出库扣减 3=退货入库 4=锁定 5=释放
INSERT INTO `inventory_logs` (`product_id`, `sku_id`, `type`, `quantity`, `before_stock`, `after_stock`, `order_no`, `operator_id`, `reason`, `created_at`) VALUES
(1,  NULL, 1, 500,  0,    500,  NULL, 1, '初始入库',    '2026-01-20 10:00:00'),
(2,  NULL, 1, 300,  0,    300,  NULL, 1, '初始入库',    '2026-01-20 10:05:00'),
(3,  NULL, 1, 200,  0,    200,  NULL, 1, '初始入库',    '2026-01-20 10:10:00'),
(4,  NULL, 1, 150,  0,    150,  NULL, 1, '初始入库',    '2026-01-20 10:15:00'),
(5,  NULL, 1, 100,  0,    100,  NULL, 1, '初始入库',    '2026-01-20 10:20:00'),
(6,  NULL, 1, 800,  0,    800,  NULL, 1, '初始入库',    '2026-01-20 10:25:00'),
(7,  NULL, 1, 600,  0,    600,  NULL, 1, '初始入库',    '2026-01-20 10:30:00'),
(8,  NULL, 1, 50,   0,    50,   NULL, 1, '初始入库',    '2026-01-20 10:35:00'),
(9,  NULL, 1, 2000, 0,    2000, NULL, 1, '初始入库',    '2026-01-20 10:40:00'),
(10, NULL, 1, 120,  0,    120,  NULL, 1, '初始入库',    '2026-01-20 10:45:00'),
(11, NULL, 1, 80,   0,    80,   NULL, 1, '初始入库',    '2026-01-20 10:50:00'),
(12, NULL, 1, 1500, 0,    1500, NULL, 1, '初始入库',    '2026-01-20 10:55:00'),
(13, NULL, 1, 3000, 0,    3000, NULL, 1, '初始入库',    '2026-01-20 11:00:00'),
(14, NULL, 1, 5000, 0,    5000, NULL, 1, '初始入库',    '2026-01-20 11:05:00'),
(15, NULL, 1, 100,  0,    100,  NULL, 1, '初始入库',    '2026-01-20 11:10:00'),
(1,  4,    4, 1, 100, 100,  'ORD20260201000001', NULL, '订单锁定库存',    '2026-02-01 14:30:00'),
(1,  4,    2, 1, 100, 99,   'ORD20260201000001', NULL, '支付扣减库存',    '2026-02-01 14:35:00'),
(6,  12,   4, 1, 60,  60,   'ORD20260205000001', NULL, '订单锁定库存',    '2026-02-05 10:10:00'),
(6,  12,   2, 1, 60,  59,   'ORD20260205000001', NULL, '支付扣减库存',    '2026-02-05 10:15:00'),
(12, NULL,  4, 2, 1500, 1500, 'ORD20260205000001', NULL, '订单锁定库存', '2026-02-05 10:10:00'),
(12, NULL,  2, 2, 1500, 1498, 'ORD20260205000001', NULL, '支付扣减库存', '2026-02-05 10:15:00'),
(2,  7,    4, 1, 80,  80,   'ORD20260203000001', NULL, '订单锁定库存',    '2026-02-03 16:15:00'),
(2,  7,    2, 1, 80,  79,   'ORD20260203000001', NULL, '支付扣减库存',    '2026-02-03 16:20:00'),
(4,  NULL, 4, 1, 150, 150,  'ORD20260207000001', NULL, '订单锁定库存',    '2026-02-07 11:20:00'),
(4,  NULL, 2, 1, 150, 149,  'ORD20260207000001', NULL, '支付扣减库存',    '2026-02-07 11:25:00'),
(10, NULL, 4, 1, 120, 120,  'ORD20260206000001', NULL, '订单锁定库存',    '2026-02-06 15:00:00'),
(10, NULL, 5, 1, 120, 120,  'ORD20260206000001', NULL, '取消释放库存',    '2026-02-06 15:30:00'),
(9,  NULL, 1, 500,  1500, 2000, NULL, 1, '春季补货',    '2026-02-08 09:00:00'),
(12, NULL, 1, 200,  1298, 1498, NULL, 1, '年货节备货',  '2026-02-09 10:00:00');

-- ============================================================
SET FOREIGN_KEY_CHECKS = 1;

SELECT '数据填充完成！' AS message;
SELECT
    (SELECT COUNT(*) FROM users) AS users,
    (SELECT COUNT(*) FROM brands) AS brands,
    (SELECT COUNT(*) FROM categories) AS categories,
    (SELECT COUNT(*) FROM products) AS products,
    (SELECT COUNT(*) FROM product_skus) AS skus,
    (SELECT COUNT(*) FROM product_attributes) AS attrs,
    (SELECT COUNT(*) FROM attribute_values) AS attr_vals,
    (SELECT COUNT(*) FROM orders) AS orders,
    (SELECT COUNT(*) FROM order_items) AS order_items,
    (SELECT COUNT(*) FROM payments) AS payments,
    (SELECT COUNT(*) FROM product_reviews) AS reviews,
    (SELECT COUNT(*) FROM cart_items) AS cart,
    (SELECT COUNT(*) FROM user_favorites) AS favorites,
    (SELECT COUNT(*) FROM user_footprints) AS footprints;
